{
  "t10s": {
    "n": 6,
    "mae_bpm": 0.39266338985405963,
    "rmse_bpm": 0.5666761031246621,
    "psd_corr_mean": 0.5371944673322449
  }
}