{
  "t10s": {
    "n": 5,
    "mae_bpm": 23.74558447068127,
    "rmse_bpm": 30.866001646812098,
    "psd_corr_mean": 0.04799756728970008
  }
}