{
  "t10s": {
    "n": 6,
    "mae_bpm": 10.690257573889165,
    "rmse_bpm": 13.972344382048657,
    "psd_corr_mean": 0.3145753736504244
  }
}