subject,session,common_clip_idx,window_start_rel_s,window_end_rel_s,gt_window_start_wall,gt_window_end_wall,window_duration_sec,gt_hr_bpm,video_RAW_YUV420_clip_idx,video_RAW_YUV420_pred_hr_bpm,video_RAW_YUV420_err_bpm,android_311YJP3P3080D200020_clip_idx,android_311YJP3P3080D200020_pred_hr_bpm,android_311YJP3P3080D200020_err_bpm,best_camera_by_err
Audrey,v01,1,0.0,10.016085863113403,1774419534.0627322,1774419544.0454311,10.016085863113403,89.81295984157265,1,49.80816976156392,40.00479008000873,1,83.59272675448999,6.220233087082661,android_311YJP3P3080D200020
Audrey,v01,2,10.633999824523926,20.051023960113525,1774419544.696732,1774419554.0804806,9.4170241355896,87.50021436032688,2,85.33317544971612,2.1670389106107564,2,91.58176519340125,4.081550833074374,video_RAW_YUV420
Audrey,v01,3,20.997999906539917,30.068092823028564,1774419555.0607321,1774419564.097479,9.070092916488647,87.45797458162617,3,86.45439910237643,1.003575479249747,3,87.09729737142244,0.36067721020373256,android_311YJP3P3080D200020
Audrey,v01,4,31.292999982833862,40.09592914581299,1774419565.3557322,1774419574.1253169,8.802929162979126,88.64857975357906,4,88.11368631218932,0.534893441389741,4,89.1117497360855,0.46316998250644303,android_311YJP3P3080D200020
Audrey,v01,5,41.62399983406067,50.115665435791016,1774419575.686732,1774419584.145097,8.491665601730347,90.83260460390733,5,92.05498172086065,1.222377116953325,5,111.48908513218014,20.65648052827281,video_RAW_YUV420
