{
  "t10s": {
    "n": 5,
    "mae_bpm": 7.335407900853582,
    "rmse_bpm": 10.355708006081302,
    "psd_corr_mean": 0.34736026953921084
  }
}