{
  "t10s": {
    "n": 6,
    "mae_bpm": 2.2998167503407694,
    "rmse_bpm": 3.8463657363966055,
    "psd_corr_mean": 0.6963052801562403
  }
}