{
  "t10s": {
    "n": 5,
    "mae_bpm": 16.979760230772776,
    "rmse_bpm": 20.46179623247602,
    "psd_corr_mean": 0.26313567854694164
  }
}