{
  "t10s": {
    "n": 6,
    "mae_bpm": 1.884933303315762,
    "rmse_bpm": 2.8104247011816863,
    "psd_corr_mean": 0.4994450100069623
  }
}