{
  "t10s": {
    "n": 6,
    "mae_bpm": 6.993830168502613,
    "rmse_bpm": 11.939664113950077,
    "psd_corr_mean": 0.20425334511677126
  }
}