{
  "t10s": {
    "n": 5,
    "mae_bpm": 15.819862092427224,
    "rmse_bpm": 25.625942233154518,
    "psd_corr_mean": 0.03717061828833666
  }
}