{
  "t10s": {
    "n": 5,
    "mae_bpm": 15.428127774910172,
    "rmse_bpm": 19.339490848555464,
    "psd_corr_mean": 0.29068847126925484
  }
}