subject,session,common_clip_idx,window_start_rel_s,window_end_rel_s,gt_window_start_wall,gt_window_end_wall,window_duration_sec,gt_hr_bpm,video_RAW_YUV420_clip_idx,video_RAW_YUV420_pred_hr_bpm,video_RAW_YUV420_err_bpm,android_311YJP3P3080D200020_clip_idx,android_311YJP3P3080D200020_pred_hr_bpm,android_311YJP3P3080D200020_err_bpm,best_camera_by_err
Samantha,v01,1,0.0,10.017335891723633,1774420455.6989532,1774420465.683009,10.017335891723633,76.46722943373088,1,54.50973025876864,21.957499174962237,1,59.446678600048905,17.020550833681973,android_311YJP3P3080D200020
Samantha,v01,2,10.039000034332275,20.0322904586792,1774420465.7379532,1774420475.6979327,9.993290424346924,74.75355904241164,2,55.87540428105782,18.87815476135382,2,62.262264142663895,12.491294899747743,android_311YJP3P3080D200020
Samantha,v01,3,20.67199993133545,30.065014362335205,1774420476.370953,1774420485.730659,9.393014430999756,74.93166915769362,3,75.40489797112335,0.4732288134297278,3,43.39679802842321,31.534871129270407,video_RAW_YUV420
Samantha,v01,4,30.743000030517578,40.08002758026123,1774420486.4419532,1774420495.7456343,9.337027549743652,70.75625293364388,4,72.5062329731824,1.7499800395385279,4,69.09194244764284,1.6643104860010425,android_311YJP3P3080D200020
Samantha,v01,5,41.075000047683716,50.11289048194885,1774420496.7739532,1774420505.7784934,9.037890434265137,47.39268101601771,5,66.63033820336366,19.237657187345953,5,68.02589986902265,20.63321885300494,video_RAW_YUV420
