{
  "t10s": {
    "n": 6,
    "mae_bpm": 6.467408793540336,
    "rmse_bpm": 10.862763149916198,
    "psd_corr_mean": 0.3288013102281177
  }
}