{
  "t10s": {
    "n": 6,
    "mae_bpm": 13.710477115653555,
    "rmse_bpm": 23.537409622590058,
    "psd_corr_mean": 0.15281670428547336
  }
}