{
  "t10s": {
    "n": 5,
    "mae_bpm": 6.95496587611256,
    "rmse_bpm": 9.068313673802109,
    "psd_corr_mean": 0.362021529699616
  }
}