subject,session,common_clip_idx,window_start_rel_s,window_end_rel_s,gt_window_start_wall,gt_window_end_wall,window_duration_sec,gt_hr_bpm,video_RAW_YUV420_clip_idx,video_RAW_YUV420_pred_hr_bpm,video_RAW_YUV420_err_bpm,android_311YJP3P3080D200020_clip_idx,android_311YJP3P3080D200020_pred_hr_bpm,android_311YJP3P3080D200020_err_bpm,best_camera_by_err
Jeremy,v01,1,0.0,10.000128269195557,1774419260.2347772,1774419270.2015717,10.000128269195557,91.43660245661461,1,41.59113166730499,49.845470789309616,1,89.15962490301563,2.2769775535989822,android_311YJP3P3080D200020
Jeremy,v01,2,10.035000085830688,19.99999189376831,1774419270.2697773,1774419280.2014413,9.964991807937622,87.10386826303565,2,89.46974893188306,2.36588066884741,2,59.14714553084808,27.956722732187572,video_RAW_YUV420
Jeremy,v01,3,20.266000032424927,30.000241994857788,1774419280.5007772,1774419290.2016828,9.734241962432861,85.3184844121866,3,73.28957894884411,12.028905463342497,3,101.22768900291669,15.909204590730084,video_RAW_YUV420
Jeremy,v01,4,30.53500008583069,40.00158333778381,1774419290.7697773,1774419300.2030275,9.466583251953125,84.59517627597745,4,84.78271110439144,0.1875348284139875,4,61.06485062399247,23.53032565198498,video_RAW_YUV420
Jeremy,v01,5,40.68900012969971,49.987776041030884,1774419300.9237773,1774419310.1892242,9.298775911331177,83.08972883243867,5,82.17628192318156,0.9134469092571038,5,81.49295677330144,1.5967720591372228,video_RAW_YUV420
