{
  "t10s": {
    "n": 5,
    "mae_bpm": 21.43445297663289,
    "rmse_bpm": 29.670574988215535,
    "psd_corr_mean": 0.17822065752951577
  }
}