subject,session,common_clip_idx,window_start_rel_s,window_end_rel_s,gt_window_start_wall,gt_window_end_wall,window_duration_sec,gt_hr_bpm,video_RAW_YUV420_clip_idx,video_RAW_YUV420_pred_hr_bpm,video_RAW_YUV420_err_bpm,android_311YJP3P3080D200020_clip_idx,android_311YJP3P3080D200020_pred_hr_bpm,android_311YJP3P3080D200020_err_bpm,best_camera_by_err
Eric,v01,1,0.0,10.001672744750977,1774418925.023302,1774418934.9916358,10.001672744750977,59.67001016184193,1,58.592322139833335,1.0776880220085943,1,69.91655794052849,10.246547778686562,video_RAW_YUV420
Eric,v01,2,10.089999914169312,19.98497986793518,1774418935.113302,1774418944.9749656,9.89497995376587,59.51684126384642,2,60.67613682355845,1.159295559712028,2,106.13908582600897,46.62224456216254,video_RAW_YUV420
Eric,v01,3,20.25599980354309,29.983981370925903,1774418945.279302,1774418954.9739685,9.727981567382812,60.12185561843751,3,56.872721176246856,3.249134442190652,3,72.00775224195364,11.885896623516132,video_RAW_YUV420
Eric,v01,4,30.555999994277954,39.9849534034729,1774418955.579302,1774418964.9749377,9.428953409194946,58.62787957907821,4,59.74640867536754,1.118529096289329,4,63.59499694885602,4.96711736977781,video_RAW_YUV420
Eric,v01,5,40.88800001144409,49.984299659729004,1774418965.911302,1774418974.974282,9.096299648284912,61.51896050186,5,61.80851137893127,0.2895508770712709,5,138.99999722304682,77.48103672118683,video_RAW_YUV420
