{
  "t10s": {
    "n": 5,
    "mae_bpm": 8.415533778204404,
    "rmse_bpm": 15.542295723883727,
    "psd_corr_mean": 0.46657709307942846
  }
}