{
  "t10s": {
    "n": 5,
    "mae_bpm": 23.300480349230916,
    "rmse_bpm": 26.999266361469108,
    "psd_corr_mean": 0.3038590407667036
  }
}