{
  "t10s": {
    "n": 6,
    "mae_bpm": 1.1435598084411087,
    "rmse_bpm": 1.3108563260292347,
    "psd_corr_mean": 0.4938898557465305
  }
}