{
  "t10s": {
    "n": 6,
    "mae_bpm": 0.8163230004498155,
    "rmse_bpm": 1.0334202391024179,
    "psd_corr_mean": 0.1261101033987014
  }
}