{
  "t10s": {
    "n": 6,
    "mae_bpm": 19.256604140575543,
    "rmse_bpm": 22.273865665997636,
    "psd_corr_mean": 0.12730739716192088
  }
}