subject,session,common_clip_idx,window_start_rel_s,window_end_rel_s,gt_window_start_wall,gt_window_end_wall,window_duration_sec,gt_hr_bpm,video_RAW_YUV420_clip_idx,video_RAW_YUV420_pred_hr_bpm,video_RAW_YUV420_err_bpm,android_311YJP3P3080D200020_clip_idx,android_311YJP3P3080D200020_pred_hr_bpm,android_311YJP3P3080D200020_err_bpm,best_camera_by_err
Raymond,v01,1,0.0,10.017087936401367,1774420947.535037,1774420957.5188456,10.017087936401367,78.10584315192214,1,76.95327126932727,1.15257188259487,1,52.300771869155156,25.80507128276699,video_RAW_YUV420
Raymond,v01,2,10.071000099182129,20.048676013946533,1774420957.6060371,1774420967.5503428,9.977675914764404,76.6249127658603,2,77.2595059052007,0.6345931393403959,2,48.640139584406455,27.984773181453846,video_RAW_YUV420
Raymond,v01,3,20.30299997329712,30.064064741134644,1774420967.838037,1774420977.5657876,9.761064767837524,78.28912080297289,3,76.64183929836827,1.6472815046046207,3,58.63802071369277,19.65110008928012,video_RAW_YUV420
Raymond,v01,4,30.503000020980835,40.080288887023926,1774420978.038037,1774420987.5819557,9.57728886604309,76.31697549576288,4,74.78463382036888,1.5323416753939938,4,80.1201577077743,3.8031822120114214,video_RAW_YUV420
Raymond,v01,5,40.704999923706055,50.11845779418945,1774420988.240037,1774420997.6201138,9.413457870483398,76.82841766531246,5,77.26415064205271,0.4357329767402547,5,81.17448858026259,4.346070914950133,video_RAW_YUV420
