subject,session,common_clip_idx,window_start_rel_s,window_end_rel_s,gt_window_start_wall,gt_window_end_wall,window_duration_sec,gt_hr_bpm,video_RAW_YUV420_clip_idx,video_RAW_YUV420_pred_hr_bpm,video_RAW_YUV420_err_bpm,android_311YJP3P3080D200020_clip_idx,android_311YJP3P3080D200020_pred_hr_bpm,android_311YJP3P3080D200020_err_bpm,best_camera_by_err
Cyrus Lai,v01,1,0.0,10.004618644714355,1774422003.413094,1774422013.384364,10.004618644714355,76.30711370079493,1,41.090237665373905,35.21687603542102,1,79.27476048315471,2.967646782359779,android_311YJP3P3080D200020
Cyrus Lai,v01,2,10.031999826431274,20.000717163085938,1774422013.4450939,1774422023.380471,9.968717336654663,70.97572830501707,2,72.04827051700576,1.07254221198869,2,84.78647806328249,13.810749758265416,video_RAW_YUV420
Cyrus Lai,v01,3,20.167999982833862,30.000898122787476,1774422023.581094,1774422033.3806603,9.832898139953613,83.19939837822972,3,59.43577454170704,23.763623836522676,3,49.13850943880064,34.06088893942908,video_RAW_YUV420
Cyrus Lai,v01,4,30.43399977684021,40.00263071060181,1774422033.8470938,1774422043.3823845,9.568630933761597,83.96292883340443,4,71.30009502654082,12.662833806863617,4,87.32790864274355,3.3649798093391183,android_311YJP3P3080D200020
Cyrus Lai,v01,5,40.79899978637695,49.98808479309082,1774422044.2120938,1774422053.367885,9.189085006713867,69.85737586189325,5,70.24842443144368,0.3910485695504349,5,44.6441209074667,25.213254954426546,video_RAW_YUV420
