{
  "t10s": {
    "n": 5,
    "mae_bpm": 25.842638390347975,
    "rmse_bpm": 31.590344803542962,
    "psd_corr_mean": -0.027394718920377304
  }
}