subject,session,common_clip_idx,window_start_rel_s,window_end_rel_s,gt_window_start_wall,gt_window_end_wall,window_duration_sec,gt_hr_bpm,video_RAW_YUV420_clip_idx,video_RAW_YUV420_pred_hr_bpm,video_RAW_YUV420_err_bpm,android_311YJP3P3080D200020_clip_idx,android_311YJP3P3080D200020_pred_hr_bpm,android_311YJP3P3080D200020_err_bpm,best_camera_by_err
Felix Lee,v01,1,0.0,10.000458240509033,1774421414.443734,1774421424.4108572,10.000458240509033,83.03090502564794,1,83.32805929843138,0.29715427278344464,1,78.45672483346969,4.574180192178247,video_RAW_YUV420
Felix Lee,v01,2,10.602999925613403,20.001859188079834,1774421425.0467339,1774421434.4122639,9.39885926246643,82.26176760426561,2,82.05667012823132,0.20509747603429673,2,50.1719995236025,32.08976808066311,video_RAW_YUV420
Felix Lee,v01,3,20.835999965667725,29.984172344207764,1774421435.279734,1774421444.3945189,9.148172378540039,79.88960381499066,3,79.93154240190056,0.04193858690989316,3,79.28529406124719,0.604309753743479,video_RAW_YUV420
Felix Lee,v01,4,31.10199999809265,39.98838400840759,1774421445.545734,1774421454.3988357,8.886384010314941,80.3554628126755,4,81.43259795469906,1.0771351420235646,4,81.74224966808616,1.3867868554106622,video_RAW_YUV420
Felix Lee,v01,5,41.33299994468689,49.98409104347229,1774421455.7767339,1774421464.3945515,8.6510910987854,84.09141354221937,5,84.30217335669956,0.2107598144801841,5,83.15523782000358,0.9361757222157934,video_RAW_YUV420
