{
  "t10s": {
    "n": 6,
    "mae_bpm": 0.6515213456616019,
    "rmse_bpm": 0.7135796186984871,
    "psd_corr_mean": 0.1713835831616237
  }
}