{
  "t10s": {
    "n": 6,
    "mae_bpm": 1.0956691366222036,
    "rmse_bpm": 1.2713164999604711,
    "psd_corr_mean": 0.19285303410527876
  }
}