{
  "t10s": {
    "n": 5,
    "mae_bpm": 13.835307558514955,
    "rmse_bpm": 20.169711354063057,
    "psd_corr_mean": 0.30807335193686064
  }
}