subject,session,common_clip_idx,window_start_rel_s,window_end_rel_s,gt_window_start_wall,gt_window_end_wall,window_duration_sec,gt_hr_bpm,video_RAW_YUV420_clip_idx,video_RAW_YUV420_pred_hr_bpm,video_RAW_YUV420_err_bpm,android_311YJP3P3080D200020_clip_idx,android_311YJP3P3080D200020_pred_hr_bpm,android_311YJP3P3080D200020_err_bpm,best_camera_by_err
Hugo,v01,1,0.0,10.031999826431274,1774410103.655945,1774410113.6546159,10.031999826431274,82.14495023047459,1,84.48561809058194,2.340667860107345,1,143.34559704920173,61.20064681872714,video_RAW_YUV420
Hugo,v01,2,10.031964540481567,20.04897427558899,1774410113.6879096,1774410123.6716402,10.017009735107422,78.7158609397411,2,103.85619008696888,25.140329147227774,2,72.88617937373319,5.82968156600792,android_311YJP3P3080D200020
Hugo,v01,3,20.13599991798401,30.080145120620728,1774410123.791945,1774410133.7027206,9.944145202636719,79.94356159432465,3,80.78363882715894,0.8400772328342896,3,149.92797212073268,69.98441052640803,video_RAW_YUV420
Hugo,v01,4,30.4469997882843,40.097094774246216,1774410134.1029449,1774410143.7197638,9.650094985961914,80.44544240572101,4,66.2572366722439,14.188205733477105,4,91.59617146841344,11.150729062692434,android_311YJP3P3080D200020
Hugo,v01,5,40.61899995803833,50.128225564956665,1774410144.274945,1774410153.750805,9.509225606918335,85.14318811671276,5,87.5383078727776,2.3951197560648296,5,99.39395850510805,14.250770388395281,video_RAW_YUV420
