{
  "t10s": {
    "n": 5,
    "mae_bpm": 5.1846138670307145,
    "rmse_bpm": 9.44291558385541,
    "psd_corr_mean": 0.05043941673814341
  }
}