{
  "t10s": {
    "n": 5,
    "mae_bpm": 13.64338532292201,
    "rmse_bpm": 21.244242413614337,
    "psd_corr_mean": 0.47098722813791827
  }
}