subject,session,common_clip_idx,window_start_rel_s,window_end_rel_s,gt_window_start_wall,gt_window_end_wall,window_duration_sec,gt_hr_bpm,video_RAW_YUV420_clip_idx,video_RAW_YUV420_pred_hr_bpm,video_RAW_YUV420_err_bpm,android_311YJP3P3080D200020_clip_idx,android_311YJP3P3080D200020_pred_hr_bpm,android_311YJP3P3080D200020_err_bpm,best_camera_by_err
Patrick Wong,v01,1,0.0,10.017638206481934,1774421202.7325175,1774421212.7168746,10.017638206481934,77.00614072987025,1,77.88130704692824,0.8751663170579889,1,77.19417179601345,0.1880310661431963,android_311YJP3P3080D200020
Patrick Wong,v01,2,10.062999963760376,20.050129413604736,1774421212.7955174,1774421222.7493565,9.98712944984436,76.1147969570938,2,77.0435684141579,0.9287714570641015,2,77.57990788076691,1.4651109236731088,video_RAW_YUV420
Patrick Wong,v01,3,20.329999923706055,30.06519317626953,1774421223.0625174,1774421232.764371,9.735193252563477,74.05704364063892,3,73.95222936761117,0.10481427302775614,3,74.78939499387818,0.7323513532392525,video_RAW_YUV420
Patrick Wong,v01,4,30.591000080108643,40.08102464675903,1774421233.3235176,1774421242.7802439,9.49002456665039,76.77972317179712,4,76.74600350738135,0.03371966441577001,4,55.77374323420129,21.005979937595825,video_RAW_YUV420
Patrick Wong,v01,5,40.82200002670288,50.11301064491272,1774421243.5545175,1774421252.812227,9.291010618209839,78.54134663077372,5,78.23476053313743,0.3065860976362842,5,80.19797906114881,1.6566324303750974,video_RAW_YUV420
