{
  "t10s": {
    "n": 6,
    "mae_bpm": 41.05476371995375,
    "rmse_bpm": 43.1464446158735,
    "psd_corr_mean": 0.008008060147092941
  }
}