{
  "t10s": {
    "n": 6,
    "mae_bpm": 12.23830788282251,
    "rmse_bpm": 20.395030922207738,
    "psd_corr_mean": 0.4479072722321043
  }
}