{
  "t10s": {
    "n": 6,
    "mae_bpm": 0.9596147940378307,
    "rmse_bpm": 1.0760278674440926,
    "psd_corr_mean": 0.20215206092584256
  }
}