{
  "t10s": {
    "n": 6,
    "mae_bpm": 0.882642306243748,
    "rmse_bpm": 1.2472690361199519,
    "psd_corr_mean": 0.2231965116830736
  }
}