{
  "t10s": {
    "n": 5,
    "mae_bpm": 9.233317648075891,
    "rmse_bpm": 11.409923801411736,
    "psd_corr_mean": 0.2612541075438567
  }
}