subject,session,common_clip_idx,window_start_rel_s,window_end_rel_s,gt_window_start_wall,gt_window_end_wall,window_duration_sec,gt_hr_bpm,video_RAW_YUV420_clip_idx,video_RAW_YUV420_pred_hr_bpm,video_RAW_YUV420_err_bpm,android_311YJP3P3080D200020_clip_idx,android_311YJP3P3080D200020_pred_hr_bpm,android_311YJP3P3080D200020_err_bpm,best_camera_by_err
Baldwin,v01,1,0.0,10.00100040435791,1774419864.908926,1774419874.8765898,10.00100040435791,87.88495283833844,1,87.02178098976104,0.8631718485773945,1,77.20444439425562,10.680508444082818,video_RAW_YUV420
Baldwin,v01,2,10.034072160720825,20.048510789871216,1774419874.9429982,1774419884.9240553,10.01443862915039,86.94446900971691,2,85.12278523290078,1.8216837768161298,2,84.18689706300192,2.7575719467149895,video_RAW_YUV420
Baldwin,v01,3,20.241000175476074,30.08197259902954,1774419885.1499262,1774419894.9575393,9.840972423553467,87.46269297671023,3,86.02287397108435,1.4398190056258784,3,68.06524880408344,19.39744417262679,video_RAW_YUV420
Baldwin,v01,4,30.604000091552734,40.096558809280396,1774419895.512926,1774419904.9721775,9.492558717727661,87.24648830619886,4,87.0268953331287,0.21959297307014936,4,88.65805712315913,1.4115688169602691,video_RAW_YUV420
Baldwin,v01,5,40.76699995994568,50.11868333816528,1774419905.675926,1774419914.9943295,9.351683378219604,86.33286243812333,5,85.61591121521944,0.7169512229038872,5,97.05447519668394,10.72161275856061,video_RAW_YUV420
