{
  "t10s": {
    "n": 5,
    "mae_bpm": 15.85398788665477,
    "rmse_bpm": 19.108857158808657,
    "psd_corr_mean": 0.2857919887078503
  }
}